,14:30:00,14:35:00,14:40:00,14:45:00,14:50:00,14:55:00,15:00:00,15:05:00,15:10:00,15:15:00,15:20:00,15:25:00,15:30:00,15:35:00,15:40:00,15:45:00,15:50:00,15:55:00,16:00:00,16:05:00,16:10:00,16:15:00,16:20:00,16:25:00,16:30:00,16:35:00,16:40:00,16:45:00,16:50:00,16:55:00,17:00:00,17:05:00,17:10:00,17:15:00,17:20:00,17:25:00,17:30:00,17:35:00,17:40:00,17:45:00,17:50:00,17:55:00,18:00:00,18:05:00,18:10:00,18:15:00,18:20:00,18:25:00,18:30:00,18:35:00,18:40:00,18:45:00,18:50:00,18:55:00,19:00:00,19:05:00,19:10:00,19:15:00,19:20:00,19:25:00,19:30:00,19:35:00,19:40:00,19:45:00,19:50:00,19:55:00,20:00:00,20:05:00,20:10:00,20:15:00,20:20:00,20:25:00,20:30:00,20:35:00,20:40:00,20:45:00,20:50:00,20:55:00
2023-01-23 14:30:00+00:00,1308104.0,632224.0,457232.0,674471.0,671434.0,485603.0,507302.0,295442.0,331074.0,296522.0,289644.0,290670.0,435538.0,510451.0,242745.0,337529.0,244717.0,233026.0,331528.0,374162.0,275543.0,404063.0,377083.0,411135.0,281172.0,238527.0,253271.0,214088.0,215550.0,146160.0,213545.0,191701.0,188249.0,236915.0,201375.0,186461.0,292495.0,180358.0,199098.0,296924.0,459754.0,195892.0,315273.0,192903.0,182151.0,189746.0,302161.0,177633.0,277966.0,296227.0,380661.0,320198.0,292852.0,252466.0,136508.0,415547.0,251442.0,409264.0,192129.0,259707.0,202526.0,257324.0,320011.0,348573.0,375737.0,343736.0,409109.0,446221.0,338140.0,366100.0,254677.0,516181.0,430687.0,528151.0,423465.0,688831.0,1069487.0,1790600.0
2023-01-24 14:30:00+00:00,1250795.0,597505.0,479210.0,519383.0,432741.0,424815.0,363340.0,319792.0,334438.0,279895.0,207441.0,207747.0,184602.0,275333.0,233505.0,266095.0,231051.0,259316.0,278573.0,167602.0,194648.0,256988.0,179540.0,313235.0,524176.0,259799.0,166444.0,174173.0,143954.0,118115.0,165312.0,200860.0,215354.0,113478.0,126696.0,113912.0,240758.0,300128.0,270744.0,216630.0,206231.0,174613.0,209510.0,251661.0,121503.0,135895.0,128713.0,130168.0,131941.0,101561.0,194745.0,129655.0,185259.0,151272.0,191450.0,320705.0,304029.0,288685.0,225485.0,245486.0,220055.0,196256.0,371397.0,273416.0,234662.0,241056.0,308161.0,218138.0,384337.0,247196.0,221493.0,234390.0,308530.0,335749.0,433584.0,504847.0,544713.0,1087775.0
2023-01-25 14:30:00+00:00,1389346.0,572426.0,481784.0,345660.0,398614.0,496190.0,681009.0,531336.0,660363.0,384677.0,319525.0,306317.0,353632.0,656820.0,525193.0,372622.0,283627.0,298543.0,303160.0,338742.0,366368.0,418290.0,529131.0,318988.0,426390.0,321209.0,314716.0,278643.0,354259.0,216100.0,261863.0,335287.0,277909.0,155459.0,198620.0,211617.0,214849.0,163064.0,153222.0,153557.0,148883.0,213637.0,246000.0,220692.0,293224.0,151693.0,197249.0,200132.0,201332.0,149315.0,143223.0,205712.0,723812.0,136119.0,207571.0,187380.0,306768.0,478581.0,181643.0,196792.0,134375.0,227726.0,186992.0,171512.0,179231.0,183691.0,309338.0,250471.0,195507.0,239425.0,329124.0,261093.0,347264.0,316232.0,285236.0,353352.0,630672.0,1120701.0
2023-01-26 14:30:00+00:00,1230760.0,455460.0,405866.0,496568.0,328771.0,298028.0,348738.0,234993.0,173955.0,179100.0,239032.0,255446.0,224906.0,322461.0,236499.0,292031.0,226493.0,247641.0,186013.0,213003.0,185813.0,177227.0,188581.0,215970.0,146654.0,136863.0,133504.0,128560.0,158133.0,226388.0,172092.0,242307.0,261630.0,191409.0,132945.0,111452.0,143744.0,130082.0,188333.0,149255.0,656661.0,202722.0,181264.0,164037.0,128532.0,149555.0,247911.0,66004.0,154625.0,148624.0,163006.0,154391.0,120099.0,123605.0,131194.0,235635.0,110460.0,107912.0,100888.0,172442.0,109371.0,118241.0,238809.0,166487.0,732752.0,126483.0,892399.0,232650.0,158745.0,460974.0,304508.0,233762.0,370357.0,415360.0,420632.0,420356.0,785060.0,1341816.0
2023-01-27 14:30:00+00:00,985092.0,634994.0,364269.0,813006.0,509580.0,325943.0,605702.0,413392.0,330752.0,344412.0,355365.0,281128.0,603611.0,347689.0,230426.0,537589.0,975417.0,379321.0,265734.0,298089.0,185467.0,513279.0,256725.0,183571.0,203928.0,228724.0,317673.0,261658.0,206029.0,332110.0,313663.0,35157.0,168591.0,206055.0,290206.0,289333.0,269298.0,268686.0,165160.0,140345.0,138938.0,94796.0,126513.0,161139.0,153405.0,151337.0,134512.0,172560.0,199040.0,227697.0,164341.0,173966.0,104180.0,245925.0,315551.0,257353.0,233011.0,270109.0,151467.0,179439.0,148711.0,130879.0,192660.0,155963.0,125064.0,179817.0,199368.0,251271.0,220547.0,256037.0,244046.0,210630.0,366831.0,324149.0,281057.0,264561.0,686820.0,1260542.0
2023-01-28 14:30:00+00:00,985092.0,634994.0,364269.0,813006.0,509580.0,325943.0,605702.0,413392.0,330752.0,344412.0,355365.0,281128.0,603611.0,347689.0,230426.0,537589.0,975417.0,379321.0,265734.0,298089.0,185467.0,513279.0,256725.0,183571.0,203928.0,228724.0,317673.0,261658.0,206029.0,332110.0,313663.0,35157.0,168591.0,206055.0,290206.0,289333.0,269298.0,268686.0,165160.0,140345.0,138938.0,94796.0,126513.0,161139.0,153405.0,151337.0,134512.0,172560.0,199040.0,227697.0,164341.0,173966.0,104180.0,245925.0,315551.0,257353.0,233011.0,270109.0,151467.0,179439.0,148711.0,130879.0,192660.0,155963.0,125064.0,179817.0,199368.0,251271.0,220547.0,256037.0,244046.0,210630.0,366831.0,324149.0,281057.0,264561.0,686820.0,1260542.0
2023-01-29 14:30:00+00:00,985092.0,634994.0,364269.0,813006.0,509580.0,325943.0,605702.0,413392.0,330752.0,344412.0,355365.0,281128.0,603611.0,347689.0,230426.0,537589.0,975417.0,379321.0,265734.0,298089.0,185467.0,513279.0,256725.0,183571.0,203928.0,228724.0,317673.0,261658.0,206029.0,332110.0,313663.0,35157.0,168591.0,206055.0,290206.0,289333.0,269298.0,268686.0,165160.0,140345.0,138938.0,94796.0,126513.0,161139.0,153405.0,151337.0,134512.0,172560.0,199040.0,227697.0,164341.0,173966.0,104180.0,245925.0,315551.0,257353.0,233011.0,270109.0,151467.0,179439.0,148711.0,130879.0,192660.0,155963.0,125064.0,179817.0,199368.0,251271.0,220547.0,256037.0,244046.0,210630.0,366831.0,324149.0,281057.0,264561.0,686820.0,1260542.0
2023-01-30 14:30:00+00:00,1351553.0,631278.0,501325.0,364043.0,342756.0,249301.0,284945.0,226370.0,394768.0,229334.0,231082.0,334256.0,242550.0,575120.0,341222.0,244610.0,185932.0,179299.0,213995.0,176323.0,240890.0,232471.0,177796.0,206671.0,157174.0,199263.0,179593.0,161308.0,104044.0,219765.0,111136.0,146697.0,124838.0,133348.0,108414.0,132350.0,103801.0,137785.0,115841.0,157059.0,172749.0,142167.0,125313.0,105708.0,81552.0,180420.0,140496.0,105919.0,185595.0,95284.0,126240.0,97947.0,95782.0,122846.0,124913.0,117328.0,86891.0,88523.0,94957.0,112592.0,120564.0,220865.0,177331.0,143139.0,119119.0,172578.0,203486.0,289375.0,418509.0,231818.0,291980.0,245636.0,307167.0,363008.0,310760.0,408473.0,677683.0,1365660.0
2023-01-31 14:30:00+00:00,944665.0,376179.0,402660.0,395470.0,293403.0,266153.0,300037.0,213768.0,235468.0,240164.0,234982.0,206556.0,185158.0,162682.0,141335.0,183725.0,196831.0,178375.0,196324.0,172809.0,200749.0,153923.0,160340.0,189194.0,211966.0,421565.0,197406.0,384749.0,197017.0,165074.0,182230.0,189538.0,117869.0,135807.0,179850.0,91613.0,111600.0,137780.0,171335.0,134237.0,138964.0,128046.0,195260.0,109339.0,90576.0,122138.0,121999.0,132919.0,83832.0,94877.0,130725.0,213365.0,111018.0,152682.0,132579.0,152028.0,174754.0,133016.0,100639.0,92796.0,108588.0,105780.0,127427.0,101730.0,159940.0,183462.0,275492.0,198264.0,287290.0,160235.0,198107.0,213359.0,279193.0,214677.0,170825.0,362166.0,726712.0,1330050.0
2023-02-01 14:30:00+00:00,963801.0,427517.0,296352.0,318814.0,327845.0,311416.0,412721.0,277483.0,205056.0,238692.0,441830.0,149398.0,244144.0,391705.0,224274.0,212781.0,182067.0,214535.0,153394.0,183259.0,207613.0,216216.0,224866.0,133920.0,159939.0,183158.0,128298.0,128444.0,147397.0,146606.0,181070.0,140314.0,167941.0,135952.0,158254.0,177502.0,113837.0,139130.0,130930.0,114599.0,215251.0,164648.0,187391.0,152697.0,148393.0,111127.0,85955.0,131204.0,127431.0,119032.0,144353.0,161184.0,84739.0,177354.0,505543.0,306495.0,265200.0,263171.0,183875.0,157120.0,690079.0,661468.0,645203.0,477474.0,441582.0,305441.0,398856.0,467177.0,309165.0,402342.0,258311.0,249674.0,303119.0,547942.0,415697.0,449778.0,792016.0,1013040.0
2023-02-02 14:30:00+00:00,3107785.0,1093811.0,794102.0,1151239.0,742652.0,526431.0,635380.0,515031.0,403044.0,540419.0,749495.0,567009.0,650081.0,374769.0,417352.0,488329.0,389092.0,414951.0,254556.0,409442.0,469020.0,364201.0,356135.0,354779.0,331405.0,443756.0,375810.0,319015.0,330818.0,259551.0,280520.0,371371.0,385779.0,395582.0,307565.0,225839.0,271700.0,256045.0,271250.0,360298.0,254910.0,275526.0,280519.0,448226.0,263599.0,245032.0,282612.0,340295.0,319241.0,326328.0,329423.0,394376.0,434600.0,532106.0,417256.0,286083.0,454042.0,318839.0,393256.0,377447.0,490421.0,375648.0,272514.0,300911.0,278626.0,328954.0,308315.0,398726.0,513519.0,477686.0,510318.0,425208.0,451883.0,601302.0,466425.0,622605.0,1097984.0,2062292.0
2023-02-03 14:30:00+00:00,3422504.0,1008463.0,908481.0,1182231.0,834198.0,1176825.0,889139.0,663226.0,447034.0,722473.0,673949.0,623606.0,779395.0,800618.0,811756.0,440472.0,428982.0,353581.0,242883.0,459906.0,331549.0,264654.0,202138.0,392075.0,297858.0,636395.0,302775.0,284596.0,244228.0,251495.0,249191.0,213722.0,174293.0,205838.0,210676.0,170351.0,312973.0,254352.0,233540.0,166563.0,203177.0,386787.0,281739.0,209758.0,177374.0,288680.0,209442.0,263668.0,282477.0,240828.0,180282.0,376290.0,312540.0,191501.0,174657.0,261271.0,141719.0,264302.0,305404.0,199504.0,321841.0,178603.0,150934.0,153028.0,202692.0,213001.0,235913.0,232509.0,237217.0,255164.0,221814.0,215390.0,244848.0,244346.0,321087.0,365737.0,772114.0,1229177.0
2023-02-04 14:30:00+00:00,3422504.0,1008463.0,908481.0,1182231.0,834198.0,1176825.0,889139.0,663226.0,447034.0,722473.0,673949.0,623606.0,779395.0,800618.0,811756.0,440472.0,428982.0,353581.0,242883.0,459906.0,331549.0,264654.0,202138.0,392075.0,297858.0,636395.0,302775.0,284596.0,244228.0,251495.0,249191.0,213722.0,174293.0,205838.0,210676.0,170351.0,312973.0,254352.0,233540.0,166563.0,203177.0,386787.0,281739.0,209758.0,177374.0,288680.0,209442.0,263668.0,282477.0,240828.0,180282.0,376290.0,312540.0,191501.0,174657.0,261271.0,141719.0,264302.0,305404.0,199504.0,321841.0,178603.0,150934.0,153028.0,202692.0,213001.0,235913.0,232509.0,237217.0,255164.0,221814.0,215390.0,244848.0,244346.0,321087.0,365737.0,772114.0,1229177.0
2023-02-05 14:30:00+00:00,3422504.0,1008463.0,908481.0,1182231.0,834198.0,1176825.0,889139.0,663226.0,447034.0,722473.0,673949.0,623606.0,779395.0,800618.0,811756.0,440472.0,428982.0,353581.0,242883.0,459906.0,331549.0,264654.0,202138.0,392075.0,297858.0,636395.0,302775.0,284596.0,244228.0,251495.0,249191.0,213722.0,174293.0,205838.0,210676.0,170351.0,312973.0,254352.0,233540.0,166563.0,203177.0,386787.0,281739.0,209758.0,177374.0,288680.0,209442.0,263668.0,282477.0,240828.0,180282.0,376290.0,312540.0,191501.0,174657.0,261271.0,141719.0,264302.0,305404.0,199504.0,321841.0,178603.0,150934.0,153028.0,202692.0,213001.0,235913.0,232509.0,237217.0,255164.0,221814.0,215390.0,244848.0,244346.0,321087.0,365737.0,772114.0,1229177.0
2023-02-06 14:30:00+00:00,2839727.0,708155.0,597039.0,494957.0,347274.0,290159.0,357120.0,356010.0,339474.0,390820.0,472586.0,408915.0,424873.0,281063.0,242025.0,230294.0,290968.0,226963.0,241401.0,308525.0,180194.0,229009.0,162171.0,199896.0,233042.0,184617.0,141564.0,130675.0,183253.0,191179.0,172737.0,191476.0,160136.0,192356.0,167388.0,135474.0,145376.0,158894.0,111294.0,119493.0,175692.0,127926.0,111972.0,128765.0,169354.0,105547.0,131895.0,322321.0,147173.0,175284.0,127687.0,128418.0,167967.0,175036.0,1091705.0,272951.0,407231.0,401423.0,203179.0,265050.0,199800.0,158415.0,170878.0,127551.0,191686.0,237638.0,216322.0,165585.0,216423.0,161990.0,163233.0,171477.0,320903.0,243779.0,297858.0,270929.0,582014.0,952615.0
2023-02-07 14:30:00+00:00,1772181.0,541520.0,590952.0,372636.0,356287.0,317391.0,310782.0,246402.0,292116.0,469602.0,689493.0,515485.0,524961.0,401635.0,276423.0,242423.0,350584.0,227089.0,225185.0,335897.0,275817.0,288279.0,245554.0,380878.0,280278.0,338384.0,236534.0,165101.0,215289.0,177448.0,183250.0,196697.0,248542.0,215785.0,305789.0,212983.0,179030.0,139999.0,530569.0,577301.0,497300.0,423845.0,426291.0,337707.0,366713.0,588119.0,353446.0,370823.0,605644.0,424126.0,411008.0,248427.0,266234.0,700538.0,340139.0,319776.0,247633.0,230851.0,276379.0,211196.0,347297.0,262959.0,385148.0,355121.0,311370.0,268662.0,477976.0,350938.0,245898.0,316458.0,353247.0,316614.0,278063.0,346859.0,380778.0,542590.0,786513.0,1472858.0
2023-02-08 14:30:00+00:00,5754364.0,3061323.0,1895044.0,1472090.0,1535943.0,1096610.0,935442.0,834879.0,858596.0,958799.0,928988.0,598586.0,1558452.0,1142520.0,803171.0,912568.0,1377252.0,1054171.0,1169779.0,1105681.0,931519.0,1120163.0,1228369.0,1797593.0,1287847.0,941950.0,664543.0,1014287.0,1206351.0,1105230.0,817200.0,563266.0,625242.0,749478.0,747667.0,466817.0,641045.0,677828.0,577890.0,411566.0,389881.0,496578.0,435410.0,530037.0,522870.0,507299.0,361051.0,558798.0,499067.0,412841.0,607217.0,479476.0,406856.0,476160.0,407823.0,427043.0,468434.0,477527.0,320495.0,335913.0,359950.0,526422.0,456283.0,321168.0,435989.0,519466.0,488950.0,664294.0,517137.0,479158.0,753197.0,629900.0,623152.0,512464.0,660969.0,601498.0,1342565.0,2092924.0
2023-02-09 14:30:00+00:00,4435733.0,2201926.0,2995826.0,2323573.0,1931470.0,1581350.0,1930301.0,1477369.0,1343740.0,1434326.0,1036201.0,1480426.0,1535228.0,968451.0,913282.0,962437.0,1480554.0,940189.0,1682951.0,2227083.0,856981.0,1400728.0,1202550.0,986243.0,1055609.0,990476.0,1061228.0,1433103.0,1049194.0,1146423.0,750622.0,954202.0,1099399.0,1065706.0,907947.0,1086957.0,1319756.0,1389676.0,854615.0,713880.0,646332.0,997523.0,928589.0,685500.0,736760.0,724800.0,829132.0,908433.0,1180629.0,697224.0,491244.0,501237.0,1060305.0,580110.0,712029.0,950676.0,1102584.0,752816.0,720563.0,712582.0,833218.0,631745.0,586600.0,539411.0,603788.0,511795.0,633823.0,779905.0,690144.0,721067.0,966343.0,880449.0,1036242.0,1133082.0,976006.0,1463933.0,2350234.0,5441560.0
2023-02-10 14:30:00+00:00,4046258.0,1795254.0,1340933.0,1181301.0,1094567.0,905658.0,1056185.0,947791.0,1055840.0,1089396.0,939214.0,788886.0,637608.0,756440.0,719410.0,488873.0,479483.0,483996.0,386504.0,418266.0,616835.0,421846.0,422867.0,413631.0,472918.0,386829.0,528195.0,317978.0,269874.0,500885.0,434707.0,377977.0,426362.0,316620.0,349954.0,749186.0,624719.0,308179.0,259953.0,267502.0,253236.0,332863.0,295177.0,364409.0,308391.0,468769.0,439939.0,430876.0,270623.0,252349.0,329175.0,284250.0,252397.0,205029.0,371887.0,261743.0,333567.0,304648.0,284679.0,310369.0,386480.0,266422.0,393174.0,367241.0,420355.0,293296.0,360315.0,357328.0,483610.0,480784.0,377694.0,411589.0,578506.0,574147.0,587600.0,805404.0,1301373.0,1878335.0
2023-02-11 14:30:00+00:00,4046258.0,1795254.0,1340933.0,1181301.0,1094567.0,905658.0,1056185.0,947791.0,1055840.0,1089396.0,939214.0,788886.0,637608.0,756440.0,719410.0,488873.0,479483.0,483996.0,386504.0,418266.0,616835.0,421846.0,422867.0,413631.0,472918.0,386829.0,528195.0,317978.0,269874.0,500885.0,434707.0,377977.0,426362.0,316620.0,349954.0,749186.0,624719.0,308179.0,259953.0,267502.0,253236.0,332863.0,295177.0,364409.0,308391.0,468769.0,439939.0,430876.0,270623.0,252349.0,329175.0,284250.0,252397.0,205029.0,371887.0,261743.0,333567.0,304648.0,284679.0,310369.0,386480.0,266422.0,393174.0,367241.0,420355.0,293296.0,360315.0,357328.0,483610.0,480784.0,377694.0,411589.0,578506.0,574147.0,587600.0,805404.0,1301373.0,1878335.0
2023-02-12 14:30:00+00:00,4046258.0,1795254.0,1340933.0,1181301.0,1094567.0,905658.0,1056185.0,947791.0,1055840.0,1089396.0,939214.0,788886.0,637608.0,756440.0,719410.0,488873.0,479483.0,483996.0,386504.0,418266.0,616835.0,421846.0,422867.0,413631.0,472918.0,386829.0,528195.0,317978.0,269874.0,500885.0,434707.0,377977.0,426362.0,316620.0,349954.0,749186.0,624719.0,308179.0,259953.0,267502.0,253236.0,332863.0,295177.0,364409.0,308391.0,468769.0,439939.0,430876.0,270623.0,252349.0,329175.0,284250.0,252397.0,205029.0,371887.0,261743.0,333567.0,304648.0,284679.0,310369.0,386480.0,266422.0,393174.0,367241.0,420355.0,293296.0,360315.0,357328.0,483610.0,480784.0,377694.0,411589.0,578506.0,574147.0,587600.0,805404.0,1301373.0,1878335.0
2023-02-13 14:30:00+00:00,1992080.0,782128.0,1044674.0,897465.0,626254.0,610487.0,717681.0,499272.0,694896.0,648580.0,458593.0,886537.0,764727.0,547534.0,636608.0,510578.0,538014.0,484216.0,476527.0,421870.0,514647.0,350591.0,360584.0,372667.0,501487.0,362442.0,420795.0,332611.0,378981.0,412792.0,316628.0,351384.0,341024.0,334631.0,286517.0,406007.0,603848.0,475728.0,478236.0,430354.0,345160.0,283086.0,273788.0,284190.0,352478.0,241322.0,215066.0,541064.0,438682.0,348444.0,279188.0,287296.0,272039.0,252361.0,332736.0,365202.0,270835.0,221892.0,297881.0,312591.0,535346.0,317810.0,290390.0,224320.0,246658.0,296865.0,313391.0,299446.0,293885.0,276117.0,353773.0,311880.0,458879.0,557037.0,650085.0,701706.0,1135093.0,2044247.0
2023-02-14 14:30:00+00:00,2323481.0,659843.0,762966.0,750425.0,652948.0,508431.0,1257184.0,769623.0,893047.0,646345.0,432631.0,615165.0,721740.0,1087616.0,946884.0,1015481.0,544625.0,445996.0,542498.0,362348.0,351181.0,310470.0,353585.0,514005.0,589840.0,604261.0,576180.0,462594.0,336714.0,451000.0,427626.0,352460.0,439615.0,308653.0,211572.0,289949.0,304888.0,210662.0,328039.0,236639.0,322269.0,191944.0,598409.0,404507.0,223264.0,440735.0,356234.0,211584.0,242734.0,422950.0,498290.0,551458.0,258577.0,260523.0,205500.0,407811.0,221134.0,222567.0,218578.0,228329.0,282947.0,285856.0,302924.0,322611.0,364389.0,487580.0,444592.0,361799.0,304863.0,476772.0,610771.0,632594.0,486016.0,431691.0,550581.0,521589.0,853891.0,1313346.0
2023-02-15 14:30:00+00:00,2244803.0,1096189.0,645509.0,567211.0,929108.0,458359.0,402033.0,361284.0,282192.0,603874.0,615952.0,333709.0,744554.0,583061.0,612499.0,308089.0,420494.0,386035.0,557206.0,551667.0,326411.0,502062.0,412851.0,687505.0,579371.0,494809.0,755043.0,784933.0,423640.0,413682.0,352486.0,400150.0,471102.0,366834.0,266463.0,289898.0,167385.0,472732.0,230042.0,230476.0,164067.0,182344.0,158247.0,306310.0,233062.0,315337.0,170952.0,151237.0,305850.0,257286.0,489498.0,337552.0,376412.0,239837.0,338163.0,374130.0,290194.0,473867.0,443591.0,375196.0,226952.0,308592.0,233752.0,198257.0,312447.0,386623.0,334590.0,255725.0,325942.0,303286.0,323583.0,327807.0,308299.0,301216.0,289170.0,342150.0,652928.0,1391970.0
2023-02-16 14:30:00+00:00,1863347.0,1065813.0,1055281.0,746101.0,656059.0,647329.0,773517.0,507387.0,646806.0,407940.0,485920.0,345206.0,302069.0,352086.0,493176.0,881522.0,574017.0,481115.0,472226.0,387762.0,389120.0,284704.0,487837.0,348675.0,275402.0,317078.0,219250.0,262519.0,190204.0,202862.0,406728.0,250687.0,137669.0,278502.0,241874.0,182397.0,192187.0,211380.0,137047.0,171162.0,182831.0,251106.0,648772.0,263537.0,163514.0,166865.0,213907.0,314702.0,241405.0,194895.0,271899.0,197440.0,128196.0,127450.0,199997.0,330120.0,211503.0,577345.0,275440.0,299954.0,249269.0,244714.0,384052.0,196373.0,203976.0,194944.0,265428.0,524701.0,255771.0,457128.0,435223.0,327349.0,500095.0,547111.0,573069.0,411408.0,732293.0,1181813.0
2023-02-17 14:30:00+00:00,1857005.0,864130.0,640209.0,591128.0,515598.0,482545.0,370105.0,438102.0,449237.0,449692.0,451295.0,410359.0,259908.0,341130.0,261946.0,525075.0,338670.0,266669.0,478536.0,320726.0,332154.0,417909.0,445215.0,356272.0,533447.0,445410.0,250879.0,329747.0,246658.0,322237.0,241895.0,197236.0,235393.0,212451.0,250588.0,167941.0,158045.0,191734.0,214970.0,250991.0,327805.0,264214.0,272633.0,285230.0,160708.0,164584.0,164793.0,152544.0,120845.0,200008.0,151842.0,120486.0,189810.0,137274.0,311464.0,200633.0,201184.0,260994.0,325475.0,153442.0,196440.0,152147.0,207308.0,163776.0,239607.0,248905.0,302763.0,621398.0,198790.0,248314.0,237815.0,252562.0,325571.0,408719.0,485129.0,422702.0,658790.0,1571507.0
2023-02-18 14:30:00+00:00,1857005.0,864130.0,640209.0,591128.0,515598.0,482545.0,370105.0,438102.0,449237.0,449692.0,451295.0,410359.0,259908.0,341130.0,261946.0,525075.0,338670.0,266669.0,478536.0,320726.0,332154.0,417909.0,445215.0,356272.0,533447.0,445410.0,250879.0,329747.0,246658.0,322237.0,241895.0,197236.0,235393.0,212451.0,250588.0,167941.0,158045.0,191734.0,214970.0,250991.0,327805.0,264214.0,272633.0,285230.0,160708.0,164584.0,164793.0,152544.0,120845.0,200008.0,151842.0,120486.0,189810.0,137274.0,311464.0,200633.0,201184.0,260994.0,325475.0,153442.0,196440.0,152147.0,207308.0,163776.0,239607.0,248905.0,302763.0,621398.0,198790.0,248314.0,237815.0,252562.0,325571.0,408719.0,485129.0,422702.0,658790.0,1571507.0
2023-02-19 14:30:00+00:00,1857005.0,864130.0,640209.0,591128.0,515598.0,482545.0,370105.0,438102.0,449237.0,449692.0,451295.0,410359.0,259908.0,341130.0,261946.0,525075.0,338670.0,266669.0,478536.0,320726.0,332154.0,417909.0,445215.0,356272.0,533447.0,445410.0,250879.0,329747.0,246658.0,322237.0,241895.0,197236.0,235393.0,212451.0,250588.0,167941.0,158045.0,191734.0,214970.0,250991.0,327805.0,264214.0,272633.0,285230.0,160708.0,164584.0,164793.0,152544.0,120845.0,200008.0,151842.0,120486.0,189810.0,137274.0,311464.0,200633.0,201184.0,260994.0,325475.0,153442.0,196440.0,152147.0,207308.0,163776.0,239607.0,248905.0,302763.0,621398.0,198790.0,248314.0,237815.0,252562.0,325571.0,408719.0,485129.0,422702.0,658790.0,1571507.0
2023-02-20 14:30:00+00:00,1857005.0,864130.0,640209.0,591128.0,515598.0,482545.0,370105.0,438102.0,449237.0,449692.0,451295.0,410359.0,259908.0,341130.0,261946.0,525075.0,338670.0,266669.0,478536.0,320726.0,332154.0,417909.0,445215.0,356272.0,533447.0,445410.0,250879.0,329747.0,246658.0,322237.0,241895.0,197236.0,235393.0,212451.0,250588.0,167941.0,158045.0,191734.0,214970.0,250991.0,327805.0,264214.0,272633.0,285230.0,160708.0,164584.0,164793.0,152544.0,120845.0,200008.0,151842.0,120486.0,189810.0,137274.0,311464.0,200633.0,201184.0,260994.0,325475.0,153442.0,196440.0,152147.0,207308.0,163776.0,239607.0,248905.0,302763.0,621398.0,198790.0,248314.0,237815.0,252562.0,325571.0,408719.0,485129.0,422702.0,658790.0,1571507.0
2023-02-21 14:30:00+00:00,1574260.0,721172.0,844436.0,550033.0,469559.0,400406.0,379907.0,313661.0,367789.0,457778.0,256250.0,299795.0,368175.0,333086.0,285313.0,337272.0,255255.0,36053.0,491433.0,181668.0,201657.0,262486.0,209994.0,282388.0,218693.0,217216.0,236714.0,197875.0,182653.0,229674.0,216466.0,182573.0,341020.0,243847.0,181287.0,430596.0,249394.0,251338.0,242831.0,254442.0,196431.0,706412.0,186989.0,222766.0,334679.0,207067.0,136944.0,183631.0,195482.0,158013.0,142986.0,145993.0,152657.0,158638.0,213509.0,193975.0,273765.0,188287.0,175935.0,211268.0,287545.0,151001.0,248234.0,156283.0,215945.0,175777.0,188232.0,274722.0,268404.0,248045.0,570321.0,289982.0,345717.0,392713.0,314753.0,323617.0,771238.0,1442841.0
2023-02-22 14:30:00+00:00,1148616.0,497403.0,309158.0,407217.0,626587.0,379461.0,604791.0,638729.0,371333.0,599305.0,353593.0,266035.0,251196.0,540944.0,397901.0,502076.0,586098.0,449809.0,182490.0,189423.0,180651.0,293568.0,227573.0,523901.0,226285.0,241722.0,258693.0,208470.0,135831.0,135516.0,130138.0,122056.0,174229.0,140934.0,111006.0,147852.0,103213.0,119380.0,166749.0,181727.0,108467.0,127429.0,148185.0,143641.0,128526.0,92775.0,140979.0,152115.0,265776.0,129040.0,113318.0,155726.0,122901.0,132935.0,537823.0,373203.0,341815.0,313372.0,300727.0,174835.0,216589.0,320026.0,208809.0,376625.0,232229.0,318957.0,271294.0,212001.0,249673.0,222686.0,287025.0,210060.0,244190.0,286300.0,330779.0,273607.0,801453.0,1774105.0
2023-02-23 14:30:00+00:00,1392406.0,574300.0,645463.0,501335.0,368900.0,490431.0,529291.0,481825.0,954310.0,438502.0,327172.0,340188.0,408901.0,276909.0,408352.0,462920.0,359357.0,742093.0,386041.0,129007.0,446894.0,560112.0,350567.0,352563.0,295796.0,288547.0,385789.0,322052.0,354313.0,308784.0,320704.0,339189.0,383401.0,306177.0,388094.0,433336.0,261226.0,331206.0,280895.0,336081.0,220050.0,248590.0,458640.0,190676.0,251632.0,267277.0,226183.0,225320.0,217153.0,239855.0,350790.0,224985.0,201797.0,204223.0,173262.0,255418.0,287445.0,426634.0,425104.0,255590.0,327509.0,299380.0,220932.0,255723.0,250920.0,304941.0,238838.0,271933.0,338854.0,353178.0,464502.0,449301.0,357354.0,312674.0,345840.0,328291.0,711052.0,986603.0
2023-02-24 14:30:00+00:00,1834322.0,647641.0,529803.0,753148.0,501072.0,592497.0,533905.0,578624.0,584485.0,450752.0,403910.0,309860.0,396820.0,274993.0,244841.0,343107.0,355101.0,400089.0,143299.0,408681.0,292226.0,318973.0,247975.0,329478.0,236743.0,285639.0,244859.0,334285.0,275748.0,221843.0,228970.0,191300.0,196111.0,208353.0,159364.0,166044.0,205080.0,205336.0,167134.0,274067.0,151996.0,158721.0,171119.0,155683.0,147190.0,205484.0,165790.0,156094.0,149636.0,150510.0,166505.0,206067.0,217836.0,148310.0,168160.0,162250.0,238246.0,277678.0,322277.0,281012.0,258972.0,224042.0,279128.0,276072.0,208121.0,252150.0,279992.0,242885.0,224084.0,235994.0,234454.0,235047.0,362518.0,421882.0,479838.0,336964.0,825841.0,2025251.0
2023-02-25 14:30:00+00:00,1834322.0,647641.0,529803.0,753148.0,501072.0,592497.0,533905.0,578624.0,584485.0,450752.0,403910.0,309860.0,396820.0,274993.0,244841.0,343107.0,355101.0,400089.0,143299.0,408681.0,292226.0,318973.0,247975.0,329478.0,236743.0,285639.0,244859.0,334285.0,275748.0,221843.0,228970.0,191300.0,196111.0,208353.0,159364.0,166044.0,205080.0,205336.0,167134.0,274067.0,151996.0,158721.0,171119.0,155683.0,147190.0,205484.0,165790.0,156094.0,149636.0,150510.0,166505.0,206067.0,217836.0,148310.0,168160.0,162250.0,238246.0,277678.0,322277.0,281012.0,258972.0,224042.0,279128.0,276072.0,208121.0,252150.0,279992.0,242885.0,224084.0,235994.0,234454.0,235047.0,362518.0,421882.0,479838.0,336964.0,825841.0,2025251.0
2023-02-26 14:30:00+00:00,1834322.0,647641.0,529803.0,753148.0,501072.0,592497.0,533905.0,578624.0,584485.0,450752.0,403910.0,309860.0,396820.0,274993.0,244841.0,343107.0,355101.0,400089.0,143299.0,408681.0,292226.0,318973.0,247975.0,329478.0,236743.0,285639.0,244859.0,334285.0,275748.0,221843.0,228970.0,191300.0,196111.0,208353.0,159364.0,166044.0,205080.0,205336.0,167134.0,274067.0,151996.0,158721.0,171119.0,155683.0,147190.0,205484.0,165790.0,156094.0,149636.0,150510.0,166505.0,206067.0,217836.0,148310.0,168160.0,162250.0,238246.0,277678.0,322277.0,281012.0,258972.0,224042.0,279128.0,276072.0,208121.0,252150.0,279992.0,242885.0,224084.0,235994.0,234454.0,235047.0,362518.0,421882.0,479838.0,336964.0,825841.0,2025251.0
2023-02-27 14:30:00+00:00,1397573.0,537184.0,440358.0,388565.0,386111.0,543365.0,375407.0,462578.0,264288.0,243235.0,214179.0,240809.0,258173.0,298136.0,430318.0,272110.0,240076.0,378721.0,261735.0,244498.0,289679.0,257841.0,212379.0,184284.0,237834.0,146543.0,150404.0,144885.0,146436.0,131228.0,175476.0,129294.0,182327.0,113634.0,177635.0,123395.0,184761.0,156463.0,136869.0,176215.0,140976.0,157846.0,180345.0,214072.0,205564.0,186338.0,209839.0,126805.0,132028.0,155770.0,151468.0,128719.0,164558.0,197238.0,209558.0,184508.0,149069.0,166443.0,140087.0,153572.0,152616.0,202984.0,245903.0,192661.0,158013.0,145056.0,260005.0,185391.0,219829.0,289254.0,299164.0,287518.0,331651.0,295981.0,411446.0,347546.0,483631.0,829170.0
2023-02-28 14:30:00+00:00,1160729.0,332438.0,519132.0,426788.0,350168.0,265464.0,502385.0,395502.0,275130.0,244908.0,292271.0,197052.0,232321.0,267336.0,199048.0,231982.0,306599.0,222091.0,256409.0,194255.0,207109.0,272794.0,279156.0,278245.0,227959.0,194466.0,158355.0,173194.0,150078.0,125056.0,165062.0,128805.0,142101.0,232482.0,254309.0,180832.0,169442.0,173896.0,150938.0,167846.0,263960.0,280143.0,202214.0,352557.0,248075.0,183633.0,371096.0,179020.0,219969.0,150067.0,235867.0,161306.0,377743.0,197343.0,219082.0,546972.0,155314.0,191059.0,192652.0,191006.0,301626.0,155198.0,272442.0,206459.0,127631.0,180125.0,216078.0,175990.0,263014.0,309016.0,328968.0,304632.0,345017.0,316056.0,318576.0,397109.0,1081177.0,1887051.0
2023-03-01 14:30:00+00:00,1258166.0,529780.0,457872.0,465326.0,475081.0,369107.0,389578.0,533469.0,385891.0,290736.0,255419.0,194264.0,243181.0,498823.0,247177.0,238163.0,190182.0,174864.0,233810.0,356922.0,444089.0,255650.0,219217.0,248914.0,822938.0,199770.0,301053.0,254268.0,266516.0,215219.0,189727.0,187506.0,345713.0,321593.0,190680.0,154460.0,248820.0,144098.0,335085.0,164447.0,156578.0,153893.0,160743.0,130139.0,174341.0,242224.0,195208.0,113486.0,194125.0,150985.0,167044.0,253443.0,176699.0,177116.0,132301.0,147352.0,163756.0,143037.0,157916.0,165271.0,229078.0,195368.0,199395.0,139918.0,218705.0,257590.0,251350.0,212451.0,394911.0,312382.0,295675.0,267861.0,236718.0,309444.0,297128.0,398876.0,461935.0,1234602.0
2023-03-02 14:30:00+00:00,1150420.0,555724.0,401946.0,312229.0,343857.0,410347.0,339693.0,334843.0,350398.0,324901.0,300316.0,271343.0,258009.0,220622.0,168495.0,150333.0,269294.0,232791.0,219525.0,178082.0,172190.0,221066.0,193904.0,192379.0,238197.0,171369.0,126993.0,151877.0,132324.0,173368.0,111423.0,110344.0,89248.0,131681.0,123839.0,132210.0,138141.0,92359.0,118308.0,109569.0,165858.0,142149.0,139048.0,139278.0,116854.0,127373.0,106885.0,84694.0,98644.0,398100.0,153721.0,194152.0,177636.0,213859.0,352443.0,251490.0,218422.0,266927.0,208335.0,290024.0,354244.0,280047.0,229267.0,228174.0,168639.0,223939.0,270813.0,166753.0,246866.0,213400.0,246030.0,221942.0,331152.0,429563.0,299173.0,330303.0,544518.0,1307168.0
2023-03-03 14:30:00+00:00,1017592.0,566115.0,657247.0,702147.0,414780.0,600797.0,667442.0,523063.0,323999.0,408760.0,266944.0,411284.0,313459.0,318752.0,203261.0,309627.0,362332.0,295988.0,666187.0,369472.0,396999.0,212041.0,264129.0,220410.0,238260.0,269033.0,250837.0,192093.0,206298.0,195435.0,251658.0,164157.0,243947.0,204789.0,204633.0,141938.0,255636.0,224053.0,205478.0,150965.0,181019.0,212778.0,247413.0,214547.0,305887.0,341614.0,109941.0,348104.0,156946.0,162599.0,134900.0,177816.0,289689.0,190610.0,162632.0,254858.0,181922.0,147010.0,335323.0,367531.0,192036.0,174495.0,549882.0,168117.0,517761.0,173353.0,252679.0,232759.0,324683.0,315035.0,310547.0,267854.0,293365.0,360798.0,360258.0,446960.0,991955.0,1256085.0
2023-03-04 14:30:00+00:00,1017592.0,566115.0,657247.0,702147.0,414780.0,600797.0,667442.0,523063.0,323999.0,408760.0,266944.0,411284.0,313459.0,318752.0,203261.0,309627.0,362332.0,295988.0,666187.0,369472.0,396999.0,212041.0,264129.0,220410.0,238260.0,269033.0,250837.0,192093.0,206298.0,195435.0,251658.0,164157.0,243947.0,204789.0,204633.0,141938.0,255636.0,224053.0,205478.0,150965.0,181019.0,212778.0,247413.0,214547.0,305887.0,341614.0,109941.0,348104.0,156946.0,162599.0,134900.0,177816.0,289689.0,190610.0,162632.0,254858.0,181922.0,147010.0,335323.0,367531.0,192036.0,174495.0,549882.0,168117.0,517761.0,173353.0,252679.0,232759.0,324683.0,315035.0,310547.0,267854.0,293365.0,360798.0,360258.0,446960.0,991955.0,1256085.0
2023-03-05 14:30:00+00:00,1017592.0,566115.0,657247.0,702147.0,414780.0,600797.0,667442.0,523063.0,323999.0,408760.0,266944.0,411284.0,313459.0,318752.0,203261.0,309627.0,362332.0,295988.0,666187.0,369472.0,396999.0,212041.0,264129.0,220410.0,238260.0,269033.0,250837.0,192093.0,206298.0,195435.0,251658.0,164157.0,243947.0,204789.0,204633.0,141938.0,255636.0,224053.0,205478.0,150965.0,181019.0,212778.0,247413.0,214547.0,305887.0,341614.0,109941.0,348104.0,156946.0,162599.0,134900.0,177816.0,289689.0,190610.0,162632.0,254858.0,181922.0,147010.0,335323.0,367531.0,192036.0,174495.0,549882.0,168117.0,517761.0,173353.0,252679.0,232759.0,324683.0,315035.0,310547.0,267854.0,293365.0,360798.0,360258.0,446960.0,991955.0,1256085.0
2023-03-06 14:30:00+00:00,1362356.0,667622.0,502284.0,487841.0,310971.0,508557.0,395364.0,479838.0,323623.0,388026.0,317592.0,301439.0,327450.0,318575.0,377718.0,474694.0,409698.0,516997.0,62626.0,571573.0,281826.0,304978.0,280846.0,405785.0,288051.0,238630.0,199835.0,278085.0,55660.0,410705.0,235414.0,253630.0,200919.0,198707.0,243908.0,199778.0,183379.0,169328.0,186017.0,312428.0,232055.0,149920.0,143182.0,208167.0,188818.0,202380.0,196266.0,158132.0,229566.0,222797.0,240866.0,232464.0,170174.0,176563.0,190648.0,141472.0,177169.0,171756.0,115364.0,145100.0,186956.0,150153.0,162513.0,204774.0,162578.0,197934.0,389118.0,211964.0,319479.0,281141.0,344837.0,310241.0,374608.0,472510.0,438096.0,417861.0,645695.0,1560873.0
2023-03-07 14:30:00+00:00,940626.0,603671.0,416601.0,324926.0,264867.0,256038.0,767503.0,566494.0,451678.0,261399.0,345396.0,387900.0,415876.0,474114.0,225109.0,323121.0,241109.0,315841.0,285532.0,188462.0,242934.0,232974.0,205565.0,223977.0,234106.0,176044.0,301410.0,348576.0,349716.0,216021.0,137884.0,160349.0,156370.0,163634.0,340508.0,194702.0,136623.0,162102.0,128147.0,117670.0,134971.0,127676.0,213318.0,211118.0,130435.0,141752.0,146632.0,127960.0,125043.0,145367.0,260328.0,220177.0,171849.0,142764.0,160377.0,164941.0,173934.0,130158.0,135088.0,162677.0,155267.0,139672.0,235181.0,193034.0,146858.0,156341.0,137106.0,115316.0,169277.0,177404.0,176168.0,182935.0,197366.0,195595.0,180845.0,226351.0,547727.0,918301.0
2023-03-08 14:30:00+00:00,1033397.0,417461.0,371106.0,331000.0,232159.0,341257.0,462697.0,454287.0,407385.0,306456.0,414136.0,288229.0,416154.0,340552.0,334222.0,259260.0,271321.0,223682.0,274527.0,383993.0,320728.0,422702.0,289452.0,294082.0,299307.0,324486.0,192115.0,225645.0,236227.0,349186.0,235158.0,191194.0,244225.0,155228.0,238010.0,331167.0,635049.0,273425.0,198947.0,219751.0,257815.0,132393.0,293169.0,260554.0,212072.0,228011.0,114869.0,204967.0,199749.0,152631.0,132409.0,137687.0,215848.0,191202.0,236773.0,262626.0,250040.0,197636.0,179225.0,147922.0,280458.0,141406.0,159225.0,203735.0,156265.0,192625.0,223844.0,217001.0,242263.0,170123.0,194339.0,226767.0,256173.0,313266.0,281993.0,399146.0,620851.0,1321268.0
2023-03-09 14:30:00+00:00,1004165.0,418870.0,423806.0,489160.0,450913.0,299663.0,350033.0,325739.0,250359.0,274246.0,240554.0,240052.0,255933.0,208692.0,176600.0,27010.0,380736.0,189238.0,57398.0,464928.0,155277.0,167383.0,204472.0,179827.0,165012.0,131507.0,117648.0,136868.0,116355.0,195771.0,300251.0,276546.0,142940.0,160337.0,139261.0,124215.0,209898.0,143764.0,176536.0,281115.0,169498.0,387823.0,248012.0,185373.0,167196.0,163393.0,141418.0,218238.0,300184.0,175162.0,171285.0,228751.0,183352.0,134318.0,331111.0,280791.0,216043.0,261898.0,182783.0,148598.0,225166.0,215854.0,163180.0,175438.0,147956.0,155361.0,226540.0,438501.0,390845.0,392332.0,440173.0,343478.0,429402.0,367912.0,390783.0,377886.0,722414.0,1269703.0
2023-03-10 14:30:00+00:00,1091619.0,469223.0,509507.0,706842.0,494678.0,344673.0,451293.0,439197.0,411367.0,400010.0,845105.0,281579.0,468598.0,388646.0,427711.0,323864.0,281800.0,381254.0,534326.0,267222.0,262544.0,244868.0,388918.0,359206.0,335447.0,362619.0,255752.0,324681.0,197695.0,193444.0,219355.0,298946.0,255134.0,177287.0,177969.0,149545.0,265049.0,198470.0,185896.0,164159.0,194670.0,235906.0,173986.0,157048.0,156710.0,322669.0,227176.0,295627.0,293800.0,263544.0,285439.0,241083.0,402540.0,287298.0,382563.0,338822.0,297941.0,285587.0,220097.0,193855.0,311966.0,304941.0,327870.0,398183.0,312645.0,395841.0,486333.0,459848.0,570637.0,445669.0,508218.0,352642.0,468568.0,431397.0,495932.0,420362.0,969693.0,1190331.0
2023-03-11 14:30:00+00:00,1091619.0,469223.0,509507.0,706842.0,494678.0,344673.0,451293.0,439197.0,411367.0,400010.0,845105.0,281579.0,468598.0,388646.0,427711.0,323864.0,281800.0,381254.0,534326.0,267222.0,262544.0,244868.0,388918.0,359206.0,335447.0,362619.0,255752.0,324681.0,197695.0,193444.0,219355.0,298946.0,255134.0,177287.0,177969.0,149545.0,265049.0,198470.0,185896.0,164159.0,194670.0,235906.0,173986.0,157048.0,156710.0,322669.0,227176.0,295627.0,293800.0,263544.0,285439.0,241083.0,402540.0,287298.0,382563.0,338822.0,297941.0,285587.0,220097.0,193855.0,311966.0,304941.0,327870.0,398183.0,312645.0,395841.0,486333.0,459848.0,570637.0,445669.0,508218.0,352642.0,468568.0,431397.0,495932.0,420362.0,969693.0,1190331.0
2023-03-12 14:30:00+00:00,1091619.0,469223.0,509507.0,706842.0,494678.0,344673.0,451293.0,439197.0,411367.0,400010.0,845105.0,281579.0,468598.0,388646.0,427711.0,323864.0,281800.0,381254.0,534326.0,267222.0,262544.0,244868.0,388918.0,359206.0,335447.0,362619.0,255752.0,324681.0,197695.0,193444.0,219355.0,298946.0,255134.0,177287.0,177969.0,149545.0,265049.0,198470.0,185896.0,164159.0,194670.0,235906.0,173986.0,157048.0,156710.0,322669.0,227176.0,295627.0,293800.0,263544.0,285439.0,241083.0,402540.0,287298.0,382563.0,338822.0,297941.0,285587.0,220097.0,193855.0,311966.0,304941.0,327870.0,398183.0,312645.0,395841.0,486333.0,459848.0,570637.0,445669.0,508218.0,352642.0,468568.0,431397.0,495932.0,420362.0,969693.0,1190331.0
2023-03-13 14:30:00+00:00,1490537.0,609844.0,504209.0,679858.0,490899.0,514046.0,375307.0,723569.0,492014.0,551136.0,408221.0,373239.0,404387.0,277639.0,305861.0,399408.0,465825.0,422352.0,495112.0,456972.0,988765.0,449570.0,406485.0,665294.0,320627.0,370448.0,326481.0,406724.0,280614.0,253627.0,342671.0,290690.0,289077.0,228285.0,247478.0,262510.0,277587.0,261301.0,297160.0,379206.0,189920.0,216377.0,294119.0,280790.0,203155.0,200135.0,197435.0,199715.0,188861.0,253447.0,189212.0,163003.0,158552.0,173132.0,231366.0,186245.0,210679.0,255676.0,198264.0,243074.0,271004.0,241779.0,204286.0,229608.0,185104.0,170761.0,209484.0,218514.0,282611.0,226153.0,325438.0,393651.0,393666.0,303862.0,341918.0,423352.0,759812.0,962218.0
2023-03-14 14:30:00+00:00,1593768.0,523667.0,540480.0,486574.0,478906.0,424913.0,431123.0,469361.0,454617.0,364452.0,308933.0,458630.0,425906.0,335774.0,287495.0,429217.0,516621.0,460295.0,270900.0,278701.0,289032.0,278186.0,217620.0,242291.0,304402.0,241416.0,236502.0,230897.0,208258.0,165862.0,212462.0,180299.0,168207.0,171248.0,207951.0,217826.0,229049.0,247448.0,196268.0,179430.0,212866.0,299244.0,147879.0,236148.0,293090.0,402377.0,269984.0,205904.0,205746.0,188776.0,266409.0,261195.0,163431.0,167432.0,401819.0,388462.0,223778.0,211476.0,255787.0,201588.0,230764.0,205244.0,199856.0,257367.0,174280.0,240394.0,218367.0,253645.0,265048.0,357655.0,260758.0,191533.0,281793.0,313440.0,330083.0,451669.0,995489.0,1814430.0
2023-03-15 14:30:00+00:00,1222612.0,528213.0,589309.0,393504.0,342598.0,305958.0,349581.0,362102.0,277107.0,358627.0,331836.0,290108.0,361343.0,252500.0,305395.0,271335.0,375539.0,466647.0,374804.0,507992.0,332955.0,392438.0,452476.0,416385.0,327119.0,274630.0,409041.0,702588.0,312013.0,347229.0,278083.0,315854.0,283168.0,277209.0,309560.0,320818.0,481304.0,295382.0,189995.0,241930.0,236004.0,208572.0,245200.0,500298.0,484117.0,386111.0,294167.0,386151.0,348403.0,315252.0,235948.0,221808.0,285596.0,370739.0,330859.0,240050.0,288534.0,767328.0,425485.0,776462.0,491114.0,541841.0,401853.0,332193.0,475225.0,320471.0,422575.0,412932.0,492804.0,398596.0,593452.0,362965.0,488410.0,360128.0,449412.0,468350.0,965369.0,2136284.0
2023-03-16 14:30:00+00:00,1209775.0,571009.0,638541.0,471958.0,636704.0,608638.0,681247.0,459478.0,524800.0,673401.0,494190.0,410755.0,438249.0,353242.0,636736.0,692697.0,575864.0,644145.0,493677.0,582267.0,1496751.0,1088282.0,1022134.0,980717.0,800095.0,627216.0,515966.0,786317.0,846842.0,694189.0,581387.0,713928.0,671725.0,358844.0,337912.0,336594.0,255929.0,317537.0,244385.0,385266.0,637885.0,452043.0,405963.0,404840.0,321641.0,629729.0,429200.0,290880.0,477931.0,445843.0,519460.0,293138.0,352588.0,227285.0,347958.0,233529.0,308006.0,560496.0,459101.0,401729.0,638825.0,437795.0,496893.0,506944.0,1070187.0,725485.0,774349.0,757561.0,1011843.0,935957.0,1078666.0,988906.0,890823.0,1059941.0,654238.0,785431.0,1197161.0,1967077.0
2023-03-17 14:30:00+00:00,7642826.0,794083.0,993172.0,659076.0,711941.0,1144791.0,1150285.0,844794.0,722583.0,657405.0,709346.0,1119144.0,1191580.0,802672.0,953549.0,1021784.0,543542.0,605547.0,383839.0,298846.0,335891.0,399103.0,432897.0,412089.0,295649.0,403769.0,351908.0,444786.0,334406.0,344403.0,244081.0,387204.0,301631.0,281447.0,262689.0,278377.0,566778.0,274282.0,297710.0,203807.0,292459.0,239862.0,279147.0,210352.0,177995.0,173624.0,223492.0,159300.0,378119.0,299421.0,840796.0,402110.0,336624.0,283771.0,541231.0,439060.0,407504.0,365667.0,309811.0,412292.0,481019.0,206855.0,247348.0,251307.0,480801.0,395020.0,349274.0,515922.0,427319.0,606241.0,469167.0,463933.0,579592.0,581908.0,550319.0,582978.0,1287034.0,2040437.0
